---
theme: ./dark.json
---

Intro to Databases and SQL
==========================

---

## What is a database?

A database is a system to store structured data.
Data is stored in tables.
Think of Excel sheets.

Ex.

table: people

| name | zipcode | dob |
|------|---------|-----|
| Alice | 60030  | 2-1-1980 |
| Bob  | 60040   | 2-10-1983 |
| Carl | 80040   | 12-20-1978 |

table: pets

| name | kind | dob | owner |
|------|------|-----|-------|
| Fido | dog  | 1-1-2020 | Bob |
| Dash | cat  | 6-12-2024 | Bob |
| Max  | gecko | 8-1-2020 | Carl |
| Magnus | canary | 9-15-2020 | |

---

## Why a database instead of a spreadsheet?

* Fast storage and retrieval of data.
* Multiple users working concurrently.
* Capable of handling vast number of records.
* Schema (the structure of all tables and columns define the type of values stored: number, text, dates, etc.)

---

## What is SQL

SQL: Structured Query Language

A language for interacting with databases.

* Data retrieval.
* Data management (add, remove, change).
* Data transformation (aggregation, sorting, grouping, counting).

Like any programming language, SQL has reserved words
and its own specific grammar.

---

## Data retrieval

To retrieve data, we use the `SELECT` statement.

Ex:

```sql
SELECT * FROM people;
```

| name | zipcode | dob |
|------|---------|-----|
| Alice | 60030  | 2-1-1980 |
| Bob  | 60040   | 2-10-1983 |
| Carl | 80040   | 12-20-1978 |

```sql
SELECT name, kind FROM pets;
```

| name | dob |
|------|-----|
| Fido | dog |
| Dash | cat |
| Max  | gecko |
| Magnus | canary |

* Can you identify syntax patterns in these statements?

---

Basic syntax:

```sql
SELECT columns FROM tables;
```

`SELECT` and `FROM` are reserved words.

Grammar:

`SELECT` (`*` | *columns*) `FROM` *tables* [ *extras* ] `;`

* columns: [table.]column [, column]
* tables: table1 [, table2]

*extras* are depicted in the next slides.

See https://www.postgresql.org/docs/17/sql-select.html for the complete grammar.

---

## PostgreSQL (aka postgres) cheatsheet

* `\dt`: list all tables
* `\dS table`: show table's schema (columns and their data types: number, text, etc.)

---

## extras

`SELECT` (`*` | *columns*) `FROM` *tables* [ *extras* ] `;`

Extras enhance retrieval. These are some of them:

*joins* *where* *group by* *order by* *limit* *offset*

---

## limit and offset

Retrieve `limit N` rows starting at `offset M`

```sql
SELECT * FROM table OFFSET 10 LIMIT 20;
```

```sql
postgres=# select * from names limit 4;
  nconst   |    primaryname     | birthyear | deathyear | primaryprofession |             knownfortitles              
-----------+--------------------+-----------+-----------+-------------------+-----------------------------------------
 nm3091123 | Kerry Whalen       |           |           | miscellaneous     | tt1703224,tt1388326,tt1724589,tt1270466
 nm3091124 | Brendan Crowley    |           |           | actor             | tt1270476
 nm3091125 | Richard Somerville |           |           |                   | tt1270787,tt0798893
 nm3091126 | Brenda Mcghee      |           |           |                   | tt1270787
(4 rows)

postgres=# select * from names limit 4 offset 3;
  nconst   |  primaryname  | birthyear | deathyear | primaryprofession | knownfortitles 
-----------+---------------+-----------+-----------+-------------------+----------------
 nm3091126 | Brenda Mcghee |           |           |                   | tt1270787
 nm3091127 | Pierre Conrad |           |           | actor             | tt1270622
 nm3091128 | Lew Long      |           |           | actor             | tt0174577
 nm3091129 | Chuck Hunt    |           |           | archive_footage   | tt0458259
(4 rows)
```

---

## where

Retrieve only those rows that satisfy a given condition.

```sql
postgres=# select * from names where birthyear = '1980' limit 4;
  nconst   |    primaryname     | birthyear | deathyear |      primaryprofession      |             knownfortitles              
-----------+--------------------+-----------+-----------+-----------------------------+-----------------------------------------
 nm3097655 | Renato Schuch      | 1980      |           | actor                       | tt8806886,tt6839788,tt6647212,tt7462562
 nm3099056 | Armando Castro III | 1980      |           | producer,director,executive | tt3560140,tt1043756,tt2158721,tt2156971
 nm3099076 | Sarah Killion      | 1980      |           | actress                     | tt1220224,tt1436577
 nm3099828 | Leigh Anne Tarbill | 1980      | 2003      |                             | tt0397011
(4 rows)
```

---

## group by

Group rows so aggregations can be done on each group. Example of aggregations are
`SUM()`, `COUNT()`, `MIN()`, etc.

```sql
postgres=# select count(*), birthyear from names where birthyear::int > 1980 group by birthyear limit 4;
 count | birthyear 
-------+-----------
 10046 | 1981
  9919 | 1982
  9565 | 1983
  9549 | 1984
(4 rows)
```

---

## order by

Sorts records by the specified columns in either `ASC`ending or `DESC`ending order.

```sql
postgres=# select primaryname, birthyear from names where birthyear::int between 1980 and 1985 order by birthyear desc limit 4;
     primaryname     | birthyear 
---------------------+-----------
 Mariel Zagunis      | 1985
 Christopher Maguire | 1985
 Orianthi            | 1985
 Matt Landin         | 1985
(4 rows)

```

---

## joins

Joins allow to link records from multiple tables based on the values of some columns.

Without `join`s, you would get a table containing all rows from each table, combined with all the other rows in every other table.

```sql
postgres=# select * from people, pets;
 name  | zipcode |    dob     |  name  |  kind  |    dob    | owner 
-------+---------+------------+--------+--------+-----------+-------
 Alice | 60030   | 2-1-1980   | Fido   | dog    | 1-1-2020  | Bob
 Alice | 60030   | 2-1-1980   | Dash   | cat    | 6-12-2024 | Bob
 Alice | 60030   | 2-1-1980   | Max    | gecko  | 8-1-2020  | Carl
 Alice | 60030   | 2-1-1980   | Magnus | canary | 9-15-2020 | 
 Bob   | 60040   | 2-10-1983  | Fido   | dog    | 1-1-2020  | Bob
 Bob   | 60040   | 2-10-1983  | Dash   | cat    | 6-12-2024 | Bob
 Bob   | 60040   | 2-10-1983  | Max    | gecko  | 8-1-2020  | Carl
 Bob   | 60040   | 2-10-1983  | Magnus | canary | 9-15-2020 | 
 Carl  | 80040   | 12-20-1978 | Fido   | dog    | 1-1-2020  | Bob
 Carl  | 80040   | 12-20-1978 | Dash   | cat    | 6-12-2024 | Bob
 Carl  | 80040   | 12-20-1978 | Max    | gecko  | 8-1-2020  | Carl
 Carl  | 80040   | 12-20-1978 | Magnus | canary | 9-15-2020 | 
(12 rows)
```

Using `JOIN pets ON pets.owner = people.name`, we link owners
with their pets. People with no pets get excluded and pets without an owner
get excluded too.

```sql
postgres=# select people.*, pets.* from people join pets on pets.owner = people.name;
 name | zipcode |    dob     | name | kind  |    dob    | owner 
------+---------+------------+------+-------+-----------+-------
 Bob  | 60040   | 2-10-1983  | Dash | cat   | 6-12-2024 | Bob
 Bob  | 60040   | 2-10-1983  | Fido | dog   | 1-1-2020  | Bob
 Carl | 80040   | 12-20-1978 | Max  | gecko | 8-1-2020  | Carl
(3 rows)
```

---
## joins (con't)

There are several types of `JOIN`:

* `INNER` (the default)
* `LEFT OUTER`
* `RIGHT OUTER`
* `FULL OUTER`

Note: The word `OUTER` is optional and may be excluded.

* Try each type of `JOIN` and see the results.

* What happens when you swap the tables? 

Ex:

```sql
select people.*, pets.* from people left join pets on pets.owner = people.name;
# versus
select people.*, pets.* from pets left join people on pets.owner = people.name;
```
 
